<?xml version="1.0"?>
<rtde_config>
	<recipe key="out">
		<field name="timestamp" type="DOUBLE"/>
		<field name="target_q" type="VECTOR6D"/>
		<field name="target_qd" type="VECTOR6D"/>
		<field name="target_qdd" type="VECTOR6D"/>
		<field name="target_current" type="VECTOR6D"/>
		<field name="target_moment" type="VECTOR6D"/>
		<field name="actual_q" type="VECTOR6D"/>
		<field name="actual_qd" type="VECTOR6D"/>
		<field name="actual_current" type="VECTOR6D"/>
		<field name="joint_control_output" type="VECTOR6D"/>
		<field name="actual_TCP_pose" type="VECTOR6D"/>
		<field name="actual_TCP_speed" type="VECTOR6D"/>
		<field name="actual_TCP_force" type="VECTOR6D"/>
		<field name="target_TCP_pose" type="VECTOR6D"/>
		<field name="target_TCP_speed" type="VECTOR6D"/>
		<field name="actual_digital_input_bits" type="UINT64"/>
		<field name="joint_temperatures" type="VECTOR6D"/>
		<field name="actual_execution_time" type="DOUBLE"/>
		<field name="robot_mode" type="INT32"/>
		<field name="joint_mode" type="VECTOR6INT32"/>
		<field name="safety_status" type="INT32"/>
		<field name="actual_tool_accelerometer" type="VECTOR3D"/>
		<field name="speed_scaling" type="DOUBLE"/>
		<field name="target_speed_fraction" type="DOUBLE"/>
		<field name="actual_momentum" type="DOUBLE"/>
		<field name="actual_main_voltage" type="DOUBLE"/>
		<field name="actual_robot_voltage" type="DOUBLE"/>
		<field name="actual_robot_current" type="DOUBLE"/>
		<field name="actual_joint_voltage" type="VECTOR6D"/>
		<field name="actual_digital_output_bits" type="UINT64"/>
		<field name="runtime_state" type="UINT32"/>
		<field name="joint_position_deviation_ratio" type="DOUBLE"/>
<!--
		<field name="payload" type="DOUBLE"/>
		<field name="payload_cog" type="VECTOR3D"/>
		<field name="payload_inertia" type="VECTOR6D"/>
		<field name="ft_raw_wrench" type="VECTOR6D"/>
		<field name="script_control_line" type="UINT32"/>
		<field name="actual_current_window" type="VECTOR6D"/>
		<field name="elbow_position" type="VECTOR3D"/>
		<field name="elbow_velocity" type="VECTOR3D"/>
		<field name="robot_status_bits" type="UINT32"/>
		<field name="safety_status_bits" type="UINT32"/>
		<field name="safety_mode" type="INT32"/>
		<field name="io_current" type="DOUBLE"/>
		<field name="tool_mode" type="UINT32"/>
		<field name="tcp_force_scalar" type="DOUBLE"/>
		<field name="tcp_offset" type="VECTOR6D"/>

		<field name="analog_io_types" type="UINT32"/>
		<field name="standard_analog_input0" type="DOUBLE"/>
		<field name="standard_analog_input1" type="DOUBLE"/>
		<field name="standard_analog_output0" type="DOUBLE"/>
		<field name="standard_analog_output1" type="DOUBLE"/>
		<field name="tool_analog_input_types" type="UINT32"/>
		<field name="tool_analog_input0" type="DOUBLE"/>
		<field name="tool_analog_input1" type="DOUBLE"/>
		<field name="tool_output_voltage" type="INT32"/>
		<field name="tool_output_current" type="DOUBLE"/>
		<field name="tool_temperature" type="DOUBLE"/>
		<field name="tool_output_mode" type="UINT8"/>
		<field name="tool_digital_output0_mode" type="UINT8"/>
		<field name="tool_digital_output1_mode" type="UINT8"/>

		<field name="euromap67_input_bits" type="UINT32"/>
		<field name="euromap67_output_bits" type="UINT32"/>
		<field name="euromap67_24V_voltage" type="DOUBLE"/>
		<field name="euromap67_24V_current" type="DOUBLE"/>

		<field name="actual_configurable_digital_input_bits" type="UINT64"/>
		<field name="actual_configurable_digital_output_bits" type="UINT64"/>

		<field name="encoder0_raw" type="INT32"/>
		<field name="encoder1_raw" type="INT32"/>

		<field name="output_bit_registers0_to_31" type="UINT32"/>
		<field name="output_bit_registers32_to_63" type="UINT32"/>
		<field name="output_bit_register_64" type="BOOL"/>
		<field name="output_bit_register_65" type="BOOL"/>
		<field name="output_bit_register_66" type="BOOL"/>
		<field name="output_bit_register_67" type="BOOL"/>
		<field name="output_bit_register_68" type="BOOL"/>
		<field name="output_bit_register_69" type="BOOL"/>
		<field name="output_bit_register_70" type="BOOL"/>
		<field name="output_bit_register_71" type="BOOL"/>
		<field name="output_bit_register_72" type="BOOL"/>
		<field name="output_bit_register_73" type="BOOL"/>
		<field name="output_bit_register_74" type="BOOL"/>
		<field name="output_bit_register_75" type="BOOL"/>
		<field name="output_bit_register_76" type="BOOL"/>
		<field name="output_bit_register_77" type="BOOL"/>
		<field name="output_bit_register_78" type="BOOL"/>
		<field name="output_bit_register_79" type="BOOL"/>
		<field name="output_bit_register_80" type="BOOL"/>
		<field name="output_bit_register_81" type="BOOL"/>
		<field name="output_bit_register_82" type="BOOL"/>
		<field name="output_bit_register_83" type="BOOL"/>
		<field name="output_bit_register_84" type="BOOL"/>
		<field name="output_bit_register_85" type="BOOL"/>
		<field name="output_bit_register_86" type="BOOL"/>
		<field name="output_bit_register_87" type="BOOL"/>
		<field name="output_bit_register_88" type="BOOL"/>
		<field name="output_bit_register_89" type="BOOL"/>
		<field name="output_bit_register_90" type="BOOL"/>
		<field name="output_bit_register_91" type="BOOL"/>
		<field name="output_bit_register_92" type="BOOL"/>
		<field name="output_bit_register_93" type="BOOL"/>
		<field name="output_bit_register_94" type="BOOL"/>
		<field name="output_bit_register_95" type="BOOL"/>
		<field name="output_bit_register_96" type="BOOL"/>
		<field name="output_bit_register_97" type="BOOL"/>
		<field name="output_bit_register_98" type="BOOL"/>
		<field name="output_bit_register_99" type="BOOL"/>
		<field name="output_bit_register_100" type="BOOL"/>
		<field name="output_bit_register_101" type="BOOL"/>
		<field name="output_bit_register_102" type="BOOL"/>
		<field name="output_bit_register_103" type="BOOL"/>
		<field name="output_bit_register_104" type="BOOL"/>
		<field name="output_bit_register_105" type="BOOL"/>
		<field name="output_bit_register_106" type="BOOL"/>
		<field name="output_bit_register_107" type="BOOL"/>
		<field name="output_bit_register_108" type="BOOL"/>
		<field name="output_bit_register_109" type="BOOL"/>
		<field name="output_bit_register_110" type="BOOL"/>
		<field name="output_bit_register_111" type="BOOL"/>
		<field name="output_bit_register_112" type="BOOL"/>
		<field name="output_bit_register_113" type="BOOL"/>
		<field name="output_bit_register_114" type="BOOL"/>
		<field name="output_bit_register_115" type="BOOL"/>
		<field name="output_bit_register_116" type="BOOL"/>
		<field name="output_bit_register_117" type="BOOL"/>
		<field name="output_bit_register_118" type="BOOL"/>
		<field name="output_bit_register_119" type="BOOL"/>
		<field name="output_bit_register_120" type="BOOL"/>
		<field name="output_bit_register_121" type="BOOL"/>
		<field name="output_bit_register_122" type="BOOL"/>
		<field name="output_bit_register_123" type="BOOL"/>
		<field name="output_bit_register_124" type="BOOL"/>
		<field name="output_bit_register_125" type="BOOL"/>
		<field name="output_bit_register_126" type="BOOL"/>
		<field name="output_bit_register_127" type="BOOL"/>

		<field name="output_int_register_0" type="INT32"/>
		<field name="output_int_register_1" type="INT32"/>
		<field name="output_int_register_2" type="INT32"/>
		<field name="output_int_register_3" type="INT32"/>
		<field name="output_int_register_4" type="INT32"/>
		<field name="output_int_register_5" type="INT32"/>
		<field name="output_int_register_6" type="INT32"/>
		<field name="output_int_register_7" type="INT32"/>
		<field name="output_int_register_8" type="INT32"/>
		<field name="output_int_register_9" type="INT32"/>
		<field name="output_int_register_10" type="INT32"/>
		<field name="output_int_register_11" type="INT32"/>
		<field name="output_int_register_12" type="INT32"/>
		<field name="output_int_register_13" type="INT32"/>
		<field name="output_int_register_14" type="INT32"/>
		<field name="output_int_register_15" type="INT32"/>
		<field name="output_int_register_16" type="INT32"/>
		<field name="output_int_register_17" type="INT32"/>
		<field name="output_int_register_18" type="INT32"/>
		<field name="output_int_register_19" type="INT32"/>
		<field name="output_int_register_20" type="INT32"/>
		<field name="output_int_register_21" type="INT32"/>
		<field name="output_int_register_22" type="INT32"/>
		<field name="output_int_register_23" type="INT32"/>
		<field name="output_int_register_24" type="INT32"/>
		<field name="output_int_register_25" type="INT32"/>
		<field name="output_int_register_26" type="INT32"/>
		<field name="output_int_register_27" type="INT32"/>
		<field name="output_int_register_28" type="INT32"/>
		<field name="output_int_register_29" type="INT32"/>
		<field name="output_int_register_30" type="INT32"/>
		<field name="output_int_register_31" type="INT32"/>
		<field name="output_int_register_32" type="INT32"/>
		<field name="output_int_register_33" type="INT32"/>
		<field name="output_int_register_34" type="INT32"/>
		<field name="output_int_register_35" type="INT32"/>
		<field name="output_int_register_36" type="INT32"/>
		<field name="output_int_register_37" type="INT32"/>
		<field name="output_int_register_38" type="INT32"/>
		<field name="output_int_register_39" type="INT32"/>
		<field name="output_int_register_40" type="INT32"/>
		<field name="output_int_register_41" type="INT32"/>
		<field name="output_int_register_42" type="INT32"/>
		<field name="output_int_register_43" type="INT32"/>
		<field name="output_int_register_44" type="INT32"/>
		<field name="output_int_register_45" type="INT32"/>
		<field name="output_int_register_46" type="INT32"/>
		<field name="output_int_register_47" type="INT32"/>

		<field name="output_double_register_0" type="DOUBLE"/>
		<field name="output_double_register_1" type="DOUBLE"/>
		<field name="output_double_register_2" type="DOUBLE"/>
		<field name="output_double_register_3" type="DOUBLE"/>
		<field name="output_double_register_4" type="DOUBLE"/>
		<field name="output_double_register_5" type="DOUBLE"/>
		<field name="output_double_register_6" type="DOUBLE"/>
		<field name="output_double_register_7" type="DOUBLE"/>
		<field name="output_double_register_8" type="DOUBLE"/>
		<field name="output_double_register_9" type="DOUBLE"/>
		<field name="output_double_register_10" type="DOUBLE"/>
		<field name="output_double_register_11" type="DOUBLE"/>
		<field name="output_double_register_12" type="DOUBLE"/>
		<field name="output_double_register_13" type="DOUBLE"/>
		<field name="output_double_register_14" type="DOUBLE"/>
		<field name="output_double_register_15" type="DOUBLE"/>
		<field name="output_double_register_16" type="DOUBLE"/>
		<field name="output_double_register_17" type="DOUBLE"/>
		<field name="output_double_register_18" type="DOUBLE"/>
		<field name="output_double_register_19" type="DOUBLE"/>
		<field name="output_double_register_20" type="DOUBLE"/>
		<field name="output_double_register_21" type="DOUBLE"/>
		<field name="output_double_register_22" type="DOUBLE"/>
		<field name="output_double_register_23" type="DOUBLE"/>
		<field name="output_double_register_24" type="DOUBLE"/>
		<field name="output_double_register_25" type="DOUBLE"/>
		<field name="output_double_register_26" type="DOUBLE"/>
		<field name="output_double_register_27" type="DOUBLE"/>
		<field name="output_double_register_28" type="DOUBLE"/>
		<field name="output_double_register_29" type="DOUBLE"/>
		<field name="output_double_register_30" type="DOUBLE"/>
		<field name="output_double_register_31" type="DOUBLE"/>
		<field name="output_double_register_32" type="DOUBLE"/>
		<field name="output_double_register_33" type="DOUBLE"/>
		<field name="output_double_register_34" type="DOUBLE"/>
		<field name="output_double_register_35" type="DOUBLE"/>
		<field name="output_double_register_36" type="DOUBLE"/>
		<field name="output_double_register_37" type="DOUBLE"/>
		<field name="output_double_register_38" type="DOUBLE"/>
		<field name="output_double_register_39" type="DOUBLE"/>
		<field name="output_double_register_40" type="DOUBLE"/>
		<field name="output_double_register_41" type="DOUBLE"/>
		<field name="output_double_register_42" type="DOUBLE"/>
		<field name="output_double_register_43" type="DOUBLE"/>
		<field name="output_double_register_44" type="DOUBLE"/>
		<field name="output_double_register_45" type="DOUBLE"/>
		<field name="output_double_register_46" type="DOUBLE"/>
		<field name="output_double_register_47" type="DOUBLE"/>

		<field name="input_bit_registers0_to_31" type="UINT32"/>
		<field name="input_bit_registers32_to_63" type="UINT32"/>
		<field name="input_bit_register_64" type="BOOL"/>
		<field name="input_bit_register_65" type="BOOL"/>
		<field name="input_bit_register_66" type="BOOL"/>
		<field name="input_bit_register_67" type="BOOL"/>
		<field name="input_bit_register_68" type="BOOL"/>
		<field name="input_bit_register_69" type="BOOL"/>
		<field name="input_bit_register_70" type="BOOL"/>
		<field name="input_bit_register_71" type="BOOL"/>
		<field name="input_bit_register_72" type="BOOL"/>
		<field name="input_bit_register_73" type="BOOL"/>
		<field name="input_bit_register_74" type="BOOL"/>
		<field name="input_bit_register_75" type="BOOL"/>
		<field name="input_bit_register_76" type="BOOL"/>
		<field name="input_bit_register_77" type="BOOL"/>
		<field name="input_bit_register_78" type="BOOL"/>
		<field name="input_bit_register_79" type="BOOL"/>
		<field name="input_bit_register_80" type="BOOL"/>
		<field name="input_bit_register_81" type="BOOL"/>
		<field name="input_bit_register_82" type="BOOL"/>
		<field name="input_bit_register_83" type="BOOL"/>
		<field name="input_bit_register_84" type="BOOL"/>
		<field name="input_bit_register_85" type="BOOL"/>
		<field name="input_bit_register_86" type="BOOL"/>
		<field name="input_bit_register_87" type="BOOL"/>
		<field name="input_bit_register_88" type="BOOL"/>
		<field name="input_bit_register_89" type="BOOL"/>
		<field name="input_bit_register_90" type="BOOL"/>
		<field name="input_bit_register_91" type="BOOL"/>
		<field name="input_bit_register_92" type="BOOL"/>
		<field name="input_bit_register_93" type="BOOL"/>
		<field name="input_bit_register_94" type="BOOL"/>
		<field name="input_bit_register_95" type="BOOL"/>
		<field name="input_bit_register_96" type="BOOL"/>
		<field name="input_bit_register_97" type="BOOL"/>
		<field name="input_bit_register_98" type="BOOL"/>
		<field name="input_bit_register_99" type="BOOL"/>
		<field name="input_bit_register_100" type="BOOL"/>
		<field name="input_bit_register_101" type="BOOL"/>
		<field name="input_bit_register_102" type="BOOL"/>
		<field name="input_bit_register_103" type="BOOL"/>
		<field name="input_bit_register_104" type="BOOL"/>
		<field name="input_bit_register_105" type="BOOL"/>
		<field name="input_bit_register_106" type="BOOL"/>
		<field name="input_bit_register_107" type="BOOL"/>
		<field name="input_bit_register_108" type="BOOL"/>
		<field name="input_bit_register_109" type="BOOL"/>
		<field name="input_bit_register_110" type="BOOL"/>
		<field name="input_bit_register_111" type="BOOL"/>
		<field name="input_bit_register_112" type="BOOL"/>
		<field name="input_bit_register_113" type="BOOL"/>
		<field name="input_bit_register_114" type="BOOL"/>
		<field name="input_bit_register_115" type="BOOL"/>
		<field name="input_bit_register_116" type="BOOL"/>
		<field name="input_bit_register_117" type="BOOL"/>
		<field name="input_bit_register_118" type="BOOL"/>
		<field name="input_bit_register_119" type="BOOL"/>
		<field name="input_bit_register_120" type="BOOL"/>
		<field name="input_bit_register_121" type="BOOL"/>
		<field name="input_bit_register_122" type="BOOL"/>
		<field name="input_bit_register_123" type="BOOL"/>
		<field name="input_bit_register_124" type="BOOL"/>
		<field name="input_bit_register_125" type="BOOL"/>
		<field name="input_bit_register_126" type="BOOL"/>
		<field name="input_bit_register_127" type="BOOL"/>

		<field name="input_int_register_0" type="INT32"/>
		<field name="input_int_register_1" type="INT32"/>
		<field name="input_int_register_2" type="INT32"/>
		<field name="input_int_register_3" type="INT32"/>
		<field name="input_int_register_4" type="INT32"/>
		<field name="input_int_register_5" type="INT32"/>
		<field name="input_int_register_6" type="INT32"/>
		<field name="input_int_register_7" type="INT32"/>
		<field name="input_int_register_8" type="INT32"/>
		<field name="input_int_register_9" type="INT32"/>
		<field name="input_int_register_10" type="INT32"/>
		<field name="input_int_register_11" type="INT32"/>
		<field name="input_int_register_12" type="INT32"/>
		<field name="input_int_register_13" type="INT32"/>
		<field name="input_int_register_14" type="INT32"/>
		<field name="input_int_register_15" type="INT32"/>
		<field name="input_int_register_16" type="INT32"/>
		<field name="input_int_register_17" type="INT32"/>
		<field name="input_int_register_18" type="INT32"/>
		<field name="input_int_register_19" type="INT32"/>
		<field name="input_int_register_20" type="INT32"/>
		<field name="input_int_register_21" type="INT32"/>
		<field name="input_int_register_22" type="INT32"/>
		<field name="input_int_register_23" type="INT32"/>
		<field name="input_int_register_24" type="INT32"/>
		<field name="input_int_register_25" type="INT32"/>
		<field name="input_int_register_26" type="INT32"/>
		<field name="input_int_register_27" type="INT32"/>
		<field name="input_int_register_28" type="INT32"/>
		<field name="input_int_register_29" type="INT32"/>
		<field name="input_int_register_30" type="INT32"/>
		<field name="input_int_register_31" type="INT32"/>
		<field name="input_int_register_32" type="INT32"/>
		<field name="input_int_register_33" type="INT32"/>
		<field name="input_int_register_34" type="INT32"/>
		<field name="input_int_register_35" type="INT32"/>
		<field name="input_int_register_36" type="INT32"/>
		<field name="input_int_register_37" type="INT32"/>
		<field name="input_int_register_38" type="INT32"/>
		<field name="input_int_register_39" type="INT32"/>
		<field name="input_int_register_40" type="INT32"/>
		<field name="input_int_register_41" type="INT32"/>
		<field name="input_int_register_42" type="INT32"/>
		<field name="input_int_register_43" type="INT32"/>
		<field name="input_int_register_44" type="INT32"/>
		<field name="input_int_register_45" type="INT32"/>
		<field name="input_int_register_46" type="INT32"/>
		<field name="input_int_register_47" type="INT32"/>

		<field name="input_double_register_0" type="DOUBLE"/>
		<field name="input_double_register_1" type="DOUBLE"/>
		<field name="input_double_register_2" type="DOUBLE"/>
		<field name="input_double_register_3" type="DOUBLE"/>
		<field name="input_double_register_4" type="DOUBLE"/>
		<field name="input_double_register_5" type="DOUBLE"/>
		<field name="input_double_register_6" type="DOUBLE"/>
		<field name="input_double_register_7" type="DOUBLE"/>
		<field name="input_double_register_8" type="DOUBLE"/>
		<field name="input_double_register_9" type="DOUBLE"/>
		<field name="input_double_register_10" type="DOUBLE"/>
		<field name="input_double_register_11" type="DOUBLE"/>
		<field name="input_double_register_12" type="DOUBLE"/>
		<field name="input_double_register_13" type="DOUBLE"/>
		<field name="input_double_register_14" type="DOUBLE"/>
		<field name="input_double_register_15" type="DOUBLE"/>
		<field name="input_double_register_16" type="DOUBLE"/>
		<field name="input_double_register_17" type="DOUBLE"/>
		<field name="input_double_register_18" type="DOUBLE"/>
		<field name="input_double_register_19" type="DOUBLE"/>
		<field name="input_double_register_20" type="DOUBLE"/>
		<field name="input_double_register_21" type="DOUBLE"/>
		<field name="input_double_register_22" type="DOUBLE"/>
		<field name="input_double_register_23" type="DOUBLE"/>
		<field name="input_double_register_24" type="DOUBLE"/>
		<field name="input_double_register_25" type="DOUBLE"/>
		<field name="input_double_register_26" type="DOUBLE"/>
		<field name="input_double_register_27" type="DOUBLE"/>
		<field name="input_double_register_28" type="DOUBLE"/>
		<field name="input_double_register_29" type="DOUBLE"/>
		<field name="input_double_register_30" type="DOUBLE"/>
		<field name="input_double_register_31" type="DOUBLE"/>
		<field name="input_double_register_32" type="DOUBLE"/>
		<field name="input_double_register_33" type="DOUBLE"/>
		<field name="input_double_register_34" type="DOUBLE"/>
		<field name="input_double_register_35" type="DOUBLE"/>
		<field name="input_double_register_36" type="DOUBLE"/>
		<field name="input_double_register_37" type="DOUBLE"/>
		<field name="input_double_register_38" type="DOUBLE"/>
		<field name="input_double_register_39" type="DOUBLE"/>
		<field name="input_double_register_40" type="DOUBLE"/>
		<field name="input_double_register_41" type="DOUBLE"/>
		<field name="input_double_register_42" type="DOUBLE"/>
		<field name="input_double_register_43" type="DOUBLE"/>
		<field name="input_double_register_44" type="DOUBLE"/>
		<field name="input_double_register_45" type="DOUBLE"/>
		<field name="input_double_register_46" type="DOUBLE"/>
		<field name="input_double_register_47" type="DOUBLE"/>
	-->
	</recipe>
</rtde_config>
